humidity,mean_burned,std_burned
0.2,13.1,12.58928115501437
0.5,3.3333333333333335,3.6545253529775326
0.8,1.3333333333333333,0.699205898780101
