humidity,mean_burned,std_burned
0.2,15.466666666666667,19.49826203081244
0.5,4.5,4.16132991562393
0.8,1.4333333333333333,0.9195409482755815
